scenario,base_rpa,prop_rpa,base_err,prop_err
high_noise,0.8424273106516325,0.9279896108398921,272.6172906932315,84.91865822239139
standard_mic,0.942885972613264,0.9521208106537323,78.47706164835478,46.63373415716749
